{"timestamps": [1545883650.434788, 1545883652.061724, 1545883653.621573, 1545883655.271724, 1545883656.888744, 1545883658.417092, 1545883659.960203, 1545883661.608937], "initial_reset_timestamp": 1545883647.854791, "episode_types": ["t", "t", "t", "t", "t", "t", "t", "t"], "episode_lengths": [30, 17, 15, 16, 16, 15, 15, 16], "episode_rewards": [30.0, 17.0, 15.0, 16.0, 16.0, 15.0, 15.0, 16.0]}